{
    "sourceFile": "_CoqProject",
    "activeCommit": 0,
    "commits": [
        {
            "activePatchIndex": 19,
            "patches": [
                {
                    "date": 1697022121364,
                    "content": "Index: \n===================================================================\n--- \n+++ \n"
                },
                {
                    "date": 1697022156881,
                    "content": "Index: \n===================================================================\n--- \n+++ \n@@ -0,0 +1,2 @@\n+-Q . PL\n+-Q . SetsClass\n"
                },
                {
                    "date": 1697022202540,
                    "content": "Index: \n===================================================================\n--- \n+++ \n@@ -1,4 +1,2 @@\n -Q . PL\n--Q . SetsClass\n--Q . PL\n--Q . SetsClass\n+-Q SetsClass SetsClass\n"
                },
                {
                    "date": 1697022224255,
                    "content": "Index: \n===================================================================\n--- \n+++ \n@@ -0,0 +1,2 @@\n+-Q . PL\n+-Q ./SetsClass SetsClass\n"
                },
                {
                    "date": 1697022236527,
                    "content": "Index: \n===================================================================\n--- \n+++ \n@@ -1,4 +1,1 @@\n--Q . PL\n -Q ./SetsClass SetsClass\n--Q . PL\n--Q SetsClass SetsClass\n"
                },
                {
                    "date": 1697022242502,
                    "content": "Index: \n===================================================================\n--- \n+++ \n@@ -1,1 +1,2 @@\n+-Q . PL\n -Q ./SetsClass SetsClass\n"
                },
                {
                    "date": 1697022261908,
                    "content": "Index: \n===================================================================\n--- \n+++ \n@@ -1,2 +1,2 @@\n -Q . PL\n--Q ./SetsClass SetsClass\n+-Q .SetsClass SetsClass\n"
                },
                {
                    "date": 1697022268459,
                    "content": "Index: \n===================================================================\n--- \n+++ \n@@ -0,0 +1,2 @@\n+-Q . PL\n+-Q . SetsClass\n"
                },
                {
                    "date": 1697022278978,
                    "content": "Index: \n===================================================================\n--- \n+++ \n@@ -1,2 +1,2 @@\n -Q . PL\n--Q . SetsClass\n+-Q SetsClass SetsClass\n"
                },
                {
                    "date": 1697022301851,
                    "content": "Index: \n===================================================================\n--- \n+++ \n@@ -0,0 +1,1 @@\n+-Q SetsClass SetsClass\n"
                },
                {
                    "date": 1697022368116,
                    "content": "Index: \n===================================================================\n--- \n+++ \n@@ -0,0 +1,1 @@\n+-Q SetsClass SetsClass\n"
                },
                {
                    "date": 1697022388959,
                    "content": "Index: \n===================================================================\n--- \n+++ \n@@ -1,6 +1,1 @@\n--Q SetsClass SetsClass\n--Q SetsClass SetsClass\n -Q . PL\n--Q SetsClass SetsClass\n--Q . PL\n--Q .SetsClass SetsClass\n"
                },
                {
                    "date": 1697022398171,
                    "content": "Index: \n===================================================================\n--- \n+++ \n@@ -1,1 +1,1 @@\n--Q . PL\n+-Q . PL SetsClass\n"
                },
                {
                    "date": 1697022478503,
                    "content": "Index: \n===================================================================\n--- \n+++ \n@@ -0,0 +1,1 @@\n+-Q . PL\n"
                },
                {
                    "date": 1697022497728,
                    "content": "Index: \n===================================================================\n--- \n+++ \n@@ -1,2 +1,2 @@\n -Q . PL\n--Q . PL SetsClass\n+-Q ./SetsClass\n"
                },
                {
                    "date": 1697022535003,
                    "content": "Index: \n===================================================================\n--- \n+++ \n@@ -1,2 +1,2 @@\n -Q . PL\n--Q ./SetsClass\n+-Q SetsClass SetsClass\n"
                },
                {
                    "date": 1697022612656,
                    "content": "Index: \n===================================================================\n--- \n+++ \n@@ -0,0 +1,2 @@\n+-Q . PL\n+-Q SetsClass SetsClass\n"
                },
                {
                    "date": 1697022649749,
                    "content": "Index: \n===================================================================\n--- \n+++ \n@@ -1,4 +1,2 @@\n -Q . PL\n--Q SetsClass SetsClass\n--Q . PL\n--Q SetsClass SetsClass\n+\n"
                },
                {
                    "date": 1697022667769,
                    "content": "Index: \n===================================================================\n--- \n+++ \n@@ -1,2 +1,2 @@\n -Q . PL\n-\n+-Q SetsClass SetsClass\n"
                },
                {
                    "date": 1697022866860,
                    "content": "Index: \n===================================================================\n--- \n+++ \n@@ -1,2 +1,2 @@\n -Q . PL\n--Q SetsClass SetsClass\n+-Q ./SetsClass SetsClass\n"
                }
            ],
            "date": 1697022121364,
            "name": "Commit-0",
            "content": "-Q . PL\n-Q . SetsClass\n"
        }
    ]
}