{
    "sourceFile": "Assignment1008b.v",
    "activeCommit": 0,
    "commits": [
        {
            "activePatchIndex": 4,
            "patches": [
                {
                    "date": 1696856242491,
                    "content": "Index: \n===================================================================\n--- \n+++ \n"
                },
                {
                    "date": 1696856683444,
                    "content": "Index: \n===================================================================\n--- \n+++ \n@@ -0,0 +1,89 @@\n+Require Import Coq.ZArith.ZArith.\n+Require Import Coq.Logic.Classical_Prop.\n+Require Import PL.SyntaxInCoq.\n+Local Open Scope Z.\n+\n+(************)\n+(** 习题：  *)\n+(************)\n+\n+\n+(** 请在Coq中证明下面性质：*)\n+\n+Theorem exists_or : forall (X: Type) (P Q: X -> Prop),\n+  (exists x, P x \\/ Q x) <-> (exists x, P x) \\/ (exists x, Q x).\n+Proof.\n+  intros.\n+  split.\n+  + intros.\n+    - destruct H.\n+      destruct H.\n+      * left.\n+        exists x.\n+        apply H.\n+      * right.\n+        exists x.\n+        apply H.\n+  + intros.\n+    - destruct H.\n+      * destruct H.\n+        exists x.\n+        left.\n+        apply H.\n+      * destruct H.\n+        exists x.\n+        right.\n+        apply H.\n+Qed.\n+ (* 请删除这一行_[Admitted]_并填入你的证明，以_[Qed]_结束。 *)\n+\n+\n+\n+(************)\n+(** 习题：  *)\n+(************)\n+\n+\n+(** 请在Coq中证明下面性质：*)\n+\n+Theorem forall_or: forall (A: Type) (P Q: A -> Prop),\n+  (forall a: A, P a) \\/ (forall a: A, Q a) ->\n+  (forall a: A, P a \\/ Q a).\n+Proof.\n+  intros.\n+  destruct H.\n+  pose proof H a.\n+  left.\n+  apply H0.\n+  pose proof H a.\n+  right.\n+  apply H0.\n+Qed. \n+  (* 请删除这一行_[Admitted]_并填入你的证明，以_[Qed]_结束。 *)\n+\n+\n+\n+(************)\n+(** 习题：  *)\n+(************)\n+\n+\n+(** 请在Coq中证明下面性质：*)\n+\n+Theorem forall_not: forall (X: Type) (P: X -> Prop),\n+  (forall x: X, ~ P x) -> ~ (exists x: X, P x).\n+Admitted. (* 请删除这一行_[Admitted]_并填入你的证明，以_[Qed]_结束。 *)\n+\n+\n+(************)\n+(** 习题：  *)\n+(************)\n+\n+\n+(** 请在Coq中证明下面性质：*)\n+\n+Theorem exists_not: forall (X: Type) (P: X -> Prop),\n+  (exists x: X, ~ P x) -> ~ (forall x: X, P x).\n+Admitted. (* 请删除这一行_[Admitted]_并填入你的证明，以_[Qed]_结束。 *)\n+\n+\n"
                },
                {
                    "date": 1696857065442,
                    "content": "Index: \n===================================================================\n--- \n+++ \n@@ -71,11 +71,16 @@\n (** 请在Coq中证明下面性质：*)\n \n Theorem forall_not: forall (X: Type) (P: X -> Prop),\n   (forall x: X, ~ P x) -> ~ (exists x: X, P x).\n-Admitted. (* 请删除这一行_[Admitted]_并填入你的证明，以_[Qed]_结束。 *)\n+Proof.\n+  intros.\n+  pose proof classic (exists x : X, P x).\n+  destruct H0.\n \n+ (* 请删除这一行_[Admitted]_并填入你的证明，以_[Qed]_结束。 *)\n \n+\n (************)\n (** 习题：  *)\n (************)\n \n"
                },
                {
                    "date": 1696857298978,
                    "content": "Index: \n===================================================================\n--- \n+++ \n@@ -75,9 +75,13 @@\n Proof.\n   intros.\n   pose proof classic (exists x : X, P x).\n   destruct H0.\n-\n+  - destruct H0.\n+    pose proof H x.\n+    tauto.\n+  - apply H0.\n+Qed.\n  (* 请删除这一行_[Admitted]_并填入你的证明，以_[Qed]_结束。 *)\n \n \n (************)\n@@ -88,71 +92,17 @@\n (** 请在Coq中证明下面性质：*)\n \n Theorem exists_not: forall (X: Type) (P: X -> Prop),\n   (exists x: X, ~ P x) -> ~ (forall x: X, P x).\n-Admitted. (* 请删除这一行_[Admitted]_并填入你的证明，以_[Qed]_结束。 *)\n-\n-\n-Require Import Coq.ZArith.ZArith.\n-Require Import Coq.Logic.Classical_Prop.\n-Require Import PL.SyntaxInCoq.\n-Local Open Scope Z.\n-\n-(************)\n-(** 习题：  *)\n-(************)\n-\n-\n-(** 请在Coq中证明下面性质：*)\n-\n-Theorem exists_or : forall (X: Type) (P Q: X -> Prop),\n-  (exists x, P x \\/ Q x) <-> (exists x, P x) \\/ (exists x, Q x).\n Proof.\n   intros.\n-  split.\n-  + intros.\n-    - destruct H .\n-    \n-\n+  pose proof classic (forall x : X, P x).\n+  destruct H0.\n+  - destruct H.\n+    pose proof H0 x.\n+    tauto.\n+  - apply H0.\n Qed.\n- (* 请删除这一行_[Admitted]_并填入你的证明，以_[Qed]_结束。 *)\n \n+(* 请删除这一行_[Admitted]_并填入你的证明，以_[Qed]_结束。 *)\n \n \n-(************)\n-(** 习题：  *)\n-(************)\n-\n-\n-(** 请在Coq中证明下面性质：*)\n-\n-Theorem forall_or: forall (A: Type) (P Q: A -> Prop),\n-  (forall a: A, P a) \\/ (forall a: A, Q a) ->\n-  (forall a: A, P a \\/ Q a).\n-Admitted. (* 请删除这一行_[Admitted]_并填入你的证明，以_[Qed]_结束。 *)\n-\n-\n-\n-(************)\n-(** 习题：  *)\n-(************)\n-\n-\n-(** 请在Coq中证明下面性质：*)\n-\n-Theorem forall_not: forall (X: Type) (P: X -> Prop),\n-  (forall x: X, ~ P x) -> ~ (exists x: X, P x).\n-Admitted. (* 请删除这一行_[Admitted]_并填入你的证明，以_[Qed]_结束。 *)\n-\n-\n-(************)\n-(** 习题：  *)\n-(************)\n-\n-\n-(** 请在Coq中证明下面性质：*)\n-\n-Theorem exists_not: forall (X: Type) (P: X -> Prop),\n-  (exists x: X, ~ P x) -> ~ (forall x: X, P x).\n-Admitted. (* 请删除这一行_[Admitted]_并填入你的证明，以_[Qed]_结束。 *)\n-\n-\n"
                },
                {
                    "date": 1696860196207,
                    "content": "Index: \n===================================================================\n--- \n+++ \n@@ -0,0 +1,108 @@\n+Require Import Coq.ZArith.ZArith.\n+Require Import Coq.Logic.Classical_Prop.\n+Require Import PL.SyntaxInCoq.\n+Local Open Scope Z.\n+\n+(************)\n+(** 习题：  *)\n+(************)\n+\n+\n+(** 请在Coq中证明下面性质：*)\n+\n+Theorem exists_or : forall (X: Type) (P Q: X -> Prop),\n+  (exists x, P x \\/ Q x) <-> (exists x, P x) \\/ (exists x, Q x).\n+Proof.\n+  intros.\n+  split.\n+  + intros.\n+    - destruct H.\n+      destruct H.\n+      * left.\n+        exists x.\n+        apply H.\n+      * right.\n+        exists x.\n+        apply H.\n+  + intros.\n+    - destruct H.\n+      * destruct H.\n+        exists x.\n+        left.\n+        apply H.\n+      * destruct H.\n+        exists x.\n+        right.\n+        apply H.\n+Qed.\n+ (* 请删除这一行_[Admitted]_并填入你的证明，以_[Qed]_结束。 *)\n+\n+\n+\n+(************)\n+(** 习题：  *)\n+(************)\n+\n+\n+(** 请在Coq中证明下面性质：*)\n+\n+Theorem forall_or: forall (A: Type) (P Q: A -> Prop),\n+  (forall a: A, P a) \\/ (forall a: A, Q a) ->\n+  (forall a: A, P a \\/ Q a).\n+Proof.\n+  intros.\n+  destruct H.\n+  pose proof H a.\n+  left.\n+  apply H0.\n+  pose proof H a.\n+  right.\n+  apply H0.\n+Qed. \n+  (* 请删除这一行_[Admitted]_并填入你的证明，以_[Qed]_结束。 *)\n+\n+\n+\n+(************)\n+(** 习题：  *)\n+(************)\n+\n+\n+(** 请在Coq中证明下面性质：*)\n+\n+Theorem forall_not: forall (X: Type) (P: X -> Prop),\n+  (forall x: X, ~ P x) -> ~ (exists x: X, P x).\n+Proof.\n+  intros.\n+  pose proof classic (exists x : X, P x).\n+  destruct H0.\n+  - destruct H0.\n+    pose proof H x.\n+    tauto.\n+  - apply H0.\n+Qed.\n+ (* 请删除这一行_[Admitted]_并填入你的证明，以_[Qed]_结束。 *)\n+\n+\n+(************)\n+(** 习题：  *)\n+(************)\n+\n+\n+(** 请在Coq中证明下面性质：*)\n+\n+Theorem exists_not: forall (X: Type) (P: X -> Prop),\n+  (exists x: X, ~ P x) -> ~ (forall x: X, P x).\n+Proof.\n+  intros.\n+  pose proof classic (forall x : X, P x).\n+  destruct H0.\n+  - destruct H.\n+    pose proof H0 x.\n+    tauto.\n+  - apply H0.\n+Qed.\n+\n+(* 请删除这一行_[Admitted]_并填入你的证明，以_[Qed]_结束。 *)\n+\n+\n"
                }
            ],
            "date": 1696856242491,
            "name": "Commit-0",
            "content": "Require Import Coq.ZArith.ZArith.\nRequire Import Coq.Logic.Classical_Prop.\nRequire Import PL.SyntaxInCoq.\nLocal Open Scope Z.\n\n(************)\n(** 习题：  *)\n(************)\n\n\n(** 请在Coq中证明下面性质：*)\n\nTheorem exists_or : forall (X: Type) (P Q: X -> Prop),\n  (exists x, P x \\/ Q x) <-> (exists x, P x) \\/ (exists x, Q x).\nProof.\n  intros.\n  split.\n  + intros.\n    - destruct H .\n    \n\nQed.\n (* 请删除这一行_[Admitted]_并填入你的证明，以_[Qed]_结束。 *)\n\n\n\n(************)\n(** 习题：  *)\n(************)\n\n\n(** 请在Coq中证明下面性质：*)\n\nTheorem forall_or: forall (A: Type) (P Q: A -> Prop),\n  (forall a: A, P a) \\/ (forall a: A, Q a) ->\n  (forall a: A, P a \\/ Q a).\nAdmitted. (* 请删除这一行_[Admitted]_并填入你的证明，以_[Qed]_结束。 *)\n\n\n\n(************)\n(** 习题：  *)\n(************)\n\n\n(** 请在Coq中证明下面性质：*)\n\nTheorem forall_not: forall (X: Type) (P: X -> Prop),\n  (forall x: X, ~ P x) -> ~ (exists x: X, P x).\nAdmitted. (* 请删除这一行_[Admitted]_并填入你的证明，以_[Qed]_结束。 *)\n\n\n(************)\n(** 习题：  *)\n(************)\n\n\n(** 请在Coq中证明下面性质：*)\n\nTheorem exists_not: forall (X: Type) (P: X -> Prop),\n  (exists x: X, ~ P x) -> ~ (forall x: X, P x).\nAdmitted. (* 请删除这一行_[Admitted]_并填入你的证明，以_[Qed]_结束。 *)\n\n\n"
        }
    ]
}